Time,Success
81.71740007400513,True
166.88544416427612,True
201.44661498069763,True
